<?xml version="1.0" encoding="UTF-8" standalone="yes"?>
<addon id="AA_KODI" name="AANOTHERWORLD" version="V1" provider-name="AANOTHERWORLD">
    <extension point="xbmc.addon.repository" name="Example Repository">
        <dir>
            <info compressed="false">https://raw.githubusercontent.com/AANOTHERWORLD/AANOTHERWORLD.GITHUB.IO/main/repo/zips/addons.xml</info>
            <checksum>https://raw.githubusercontent.com/AANOTHERWORLD/AANOTHERWORLD.GITHUB.IO/main/repo/zips/addons.xml.md5</checksum>
            <datadir zip="true">
https://raw.githubusercontent.com/AANOTHERWORLD/AANOTHERWORLD.GITHUB.IO/main/repo/zips/</datadir>
        </dir>
    </extension>
    <extension point="xbmc.addon.metadata">
        <summary>AANOTHER_WORLD</summary>
        <description>CUSTOM KODI BUILD</description>
        <disclaimer></disclaimer>
        <platform>all</platform>
        <assets>
            <icon>icon.png</icon>
            <fanart>fanart.jpg</fanart>
        </assets>
    </extension>
</addon>